<ImportExportXml xmlns:xsi="http://www.w3.org/2001/XMLSchema-instance">
  <Entities></Entities>
  <Roles></Roles>
  <Workflows>
    <Workflow WorkflowId="{a69ce31a-cbed-438b-b175-5b579281963c}" Name="NextBaskect-OnesimusProject">
      <JsonFileName>/Workflows/NextBaskect-OnesimusProject-A69CE31A-CBED-438B-B175-5B579281963C.json</JsonFileName>
      <Type>1</Type>
      <Subprocess>0</Subprocess>
      <Category>6</Category>
      <Mode>0</Mode>
      <Scope>4</Scope>
      <OnDemand>0</OnDemand>
      <TriggerOnCreate>0</TriggerOnCreate>
      <TriggerOnDelete>0</TriggerOnDelete>
      <AsyncAutodelete>0</AsyncAutodelete>
      <SyncWorkflowLogOnFailure>0</SyncWorkflowLogOnFailure>
      <StateCode>1</StateCode>
      <StatusCode>2</StatusCode>
      <RunAs>1</RunAs>
      <IsTransacted>1</IsTransacted>
      <IntroducedVersion>1.0</IntroducedVersion>
      <IsCustomizable>1</IsCustomizable>
      <BusinessProcessType>0</BusinessProcessType>
      <UIFlowType>2</UIFlowType>
      <IsCustomProcessingStepAllowedForOtherPublishers>1</IsCustomProcessingStepAllowedForOtherPublishers>
      <Metadata>{"isvalid":true,"schemaVersion":"ROBIN_20211012","containsActiveConnections":false}</Metadata>
      <Inputs>{"schema":{"properties":{"BrowserLink":{"default":"","description":"","format":null,"title":"BrowserLink","type":"string","value":"https://www.informiran.net/?s "},"WaitTime":{"default":"","description":"","format":null,"title":"WaitTime","type":"number","value":"5"},"FilePath":{"default":"","description":"","format":null,"title":"FilePath","type":"string","value":"C:\\Users\\Snapnet\\Desktop\\NextBasket"}},"type":"object"}}</Inputs>
      <Outputs>{"schema":null}</Outputs>
      <Dependencies>{"childFlows":[],"workQueues":[]}</Dependencies>
      <ConnectionReferences>[]</ConnectionReferences>
      <Definition>"@@ConnectionString: ''\r\n@@Type: 'Local'\r\n@@DesktopType: 'local'\r\n@@DisplayName: 'Local computer'\r\nIMPORT 'controlRepo.appmask' AS appmask\r\nIMPORT 'imageRepo.imgrepo' AS imgrepo\r\n@SENSITIVE: []\r\n@INPUT BrowserLink : { 'Description': '', 'FriendlyName': 'BrowserLink', 'DefaultValue': 'https://www.informiran.net/?s ', 'Type': 'String' } \r\n@INPUT WaitTime : { 'Description': '', 'FriendlyName': 'WaitTime', 'DefaultValue': 5, 'Type': 'Numeric' } \r\n@INPUT FilePath : { 'Description': '', 'FriendlyName': 'FilePath', 'DefaultValue': 'C:\\\\Users\\\\Snapnet\\\\Desktop\\\\NextBasket', 'Type': 'String' } \r\nBLOCK Exception\r\nON BLOCK ERROR\r\n    SET VarError TO 1\r\n    NEXT ACTION\r\nEND\r\n    **REGION Browser Launch\r\n    DateTime.GetCurrentDateTime.Local DateTimeFormat: DateTime.DateTimeFormat.DateAndTime CurrentDateTime=&gt; CurrentDateTime\r\n    Text.ConvertDateTimeToText.FromCustomDateTime DateTime: CurrentDateTime CustomFormat: $'''yyyy-MM-dd-hh-mm-ss''' Result=&gt; DateTime\r\n    WebAutomation.LaunchChrome.LaunchChrome Url: BrowserLink WindowState: WebAutomation.BrowserWindowState.Maximized ClearCache: False ClearCookies: False WaitForPageToLoadTimeout: 60 Timeout: 60 BrowserInstance=&gt; Browser\r\n    WAIT WaitTime\r\n    WebAutomation.PopulateTextField.PopulateTextFieldUsePhysicalKeyboard BrowserInstance: Browser Control: appmask['Web Page \\'https://www.informiran.net/?s\\'']['SearchBox'] Text: $'''Димитър Бербатов''' Mode: WebAutomation.PopulateTextMode.Replace UnfocusAfterPopulate: True WaitForPageToLoadTimeout: 60\r\n    WAIT WaitTime\r\n    WebAutomation.Click.Click BrowserInstance: Browser Control: appmask['Web Page \\'https://www.informiran.net/?s\\'']['SearchButton'] ClickType: WebAutomation.ClickType.LeftClick MouseClick: True WaitForPageToLoadTimeout: 60 MousePositionRelativeToElement: WebAutomation.RectangleEdgePoint.MiddleCenter OffsetX: 0 OffsetY: 0\r\n    **ENDREGION\r\n    **REGION Excel Initialization\r\n    SET ExtractedDataHeader TO {['Publication Date', 'Publication Title', 'Publication Link', 'Publication Website Name'] }\r\n    Excel.LaunchExcel.LaunchUnderExistingProcess Visible: True Instance=&gt; ExcelInstance\r\n    Excel.WriteToExcel.WriteCell Instance: ExcelInstance Value: ExtractedDataHeader Column: $'''A''' Row: 1\r\n    **ENDREGION\r\n    **REGION Web Scraping\r\n    WebAutomation.ExtractData.ExtractSingleValue BrowserInstance: Browser ExtractionParameters: {[$'''html &gt; body &gt; div:eq(1) &gt; div &gt; div &gt; div &gt; div &gt; div:eq(1) &gt; div &gt; nav &gt; div &gt; a:eq(3)''', $'''Own Text''', $''''''] } TimeoutInSeconds: 60 ExtractedData=&gt; LastPageNo\r\n    Text.ToNumber Text: LastPageNo Number=&gt; LastPageNo\r\n    LOOP LoopIndex FROM 1 TO LastPageNo STEP 1\r\n        WebAutomation.ExtractData.ExtractTable BrowserInstance: Browser Control: $'''html &gt; body &gt; div:eq(1) &gt; div &gt; div &gt; div &gt; div &gt; div:eq(1) &gt; article''' ExtractionParameters: {[$'''header &gt; ul &gt; li:eq(3)''', $'''Own Text''', $'''\\\\b\\\\d{2}\\\\.\\\\d{2}\\\\.\\\\d{4}\\\\b''', $'''Value #1'''], [$'''header &gt; h2 &gt; a''', $'''Own Text''', $'''''', $'''Value #2'''], [$'''header &gt; h2 &gt; a''', $'''Href''', $'''''', $'''Value #3'''], [$'''header &gt; ul &gt; li:eq(2) &gt; a''', $'''Own Text''', $'''''', $'''Value #4'''] } PostProcessData: False TimeoutInSeconds: 60 ExtractedData=&gt; ExtractedData\r\n        LOOP FOREACH ExtractedCurrentItem IN ExtractedData\r\n            IF Contains(ExtractedCurrentItem[1], $'''Димитър Бербатов''', False) THEN\r\n                Excel.GetFirstFreeColumnRow Instance: ExcelInstance FirstFreeColumn=&gt; FirstFreeColumnExtracted FirstFreeRow=&gt; FirstFreeRowExtracted\r\n                Excel.WriteToExcel.WriteCell Instance: ExcelInstance Value: ExtractedCurrentItem Column: $'''A''' Row: FirstFreeRowExtracted\r\n            END\r\n        END\r\n        WebAutomation.Click.Click BrowserInstance: Browser Control: appmask['Web Page \\'h ... 0%BE%D0%B2\\'']['NextPage'] ClickType: WebAutomation.ClickType.LeftClick MouseClick: True WaitForPageToLoadTimeout: 60 MousePositionRelativeToElement: WebAutomation.RectangleEdgePoint.MiddleCenter OffsetX: 0 OffsetY: 0\r\n    END\r\n    **ENDREGION\r\n    **REGION Excel and Browser Termination\r\n    Excel.SaveExcel.SaveAs Instance: ExcelInstance DocumentFormat: Excel.ExcelFormat.OpenXmlWorkbook DocumentPath: $'''%FilePath%\\\\ExtractedDate-%DateTime%'''\r\n    Excel.CloseExcel.Close Instance: ExcelInstance\r\n    WebAutomation.CloseWebBrowser BrowserInstance: Browser\r\n    **ENDREGION\r\nEND\r\n"</Definition>
      <SchemaVersion>2022.06</SchemaVersion>
      <DesktopFlowModules>[]</DesktopFlowModules>
      <PrimaryEntity>none</PrimaryEntity>
      <LocalizedNames>
        <LocalizedName languagecode="1033" description="NextBaskect-OnesimusProject" />
      </LocalizedNames>
    </Workflow>
  </Workflows>
  <FieldSecurityProfiles></FieldSecurityProfiles>
  <Templates />
  <EntityMaps />
  <EntityRelationships />
  <OrganizationSettings />
  <optionsets />
  <CustomControls />
  <EntityDataProviders />
  <Languages>
    <Language>1033</Language>
    <Language>1040</Language>
  </Languages>
</ImportExportXml>